Year,Annual_Rate,Annual_Rate_Error,Cumulative_Value,Cumulative_Error,Lower_CI_95,Upper_CI_95
1972,0.8217130560617961,0.8698733028419761,0.8217130560617961,0.8698733028419761,-0.8832386175084769,2.5266647296320692
1973,1.1505804414207872,0.9502059719861735,1.9722934974825845,1.8032533452502666,-0.7118232636721129,3.0129841465136873
1975,1.3873450583232088,1.0017602540856978,3.3596385558057937,2.77840455241406,-0.5761050396847589,3.350795156331176
1977,1.5991528588567312,1.0440701867907984,4.9587914146625245,3.773000465540662,-0.4472247072532336,3.645530424966696
1978,1.779929590103809,1.0698930581242718,6.73872100476633,4.7833537486890485,-0.31706080381976376,3.876919984027382
1979,1.995014234411205,1.0614817423163627,8.733735239177543,5.748932487354379,-0.08548998052886603,4.075518449351276
1981,2.307228202704162,1.0686089429527672,11.040963441881706,6.559507613609992,0.21275467451673835,4.4017017308915865
1984,2.6295706550098497,1.0674978482752537,13.67053409689155,7.224621503507865,0.5372748723903524,4.721866437629346
1985,2.822199005505828,1.009100671595284,16.492733102397384,7.854745749394697,0.8443616891790717,4.800036321832584
1986,3.063814005472039,0.9279040978129787,19.556547107869424,8.31471813646946,1.245121973758601,4.882506037185477
1987,3.25895340206978,0.831777027970812,22.815500509939216,8.660331849096695,1.6286704272469887,4.889236376892572
1989,3.415161635140371,0.8186751172828357,26.230662145079574,8.92802811012778,1.8105584052660129,5.019764865014729
1990,3.505619586332323,0.769264303783937,29.7362817314119,9.211434015969882,1.9978615509158066,5.013377621748839
1991,3.5910408304513477,0.7431598383795996,33.32732256186324,9.507052555032661,2.1344475472273325,5.047634113675363
1992,3.6726259249113316,0.7111742074597182,36.99994848677454,9.822471728440352,2.2787244782902842,5.066527371532379
1993,3.7662429897723455,0.6553458634212929,40.76619147654691,10.111241198635408,2.4817650974666114,5.05072088207808
1994,3.8427310476225784,0.6299431616025564,44.608922524169465,10.408419910190638,2.608042450881568,5.077419644363589
1995,3.91619804189536,0.6108865267034879,48.525120566064835,10.71938212754534,2.718860449556524,5.113535634234196
1996,3.990472931883089,0.5924596799050507,52.51559349794795,11.039937547517974,2.8292519592691896,5.151693904496988
1997,4.0665798677903,0.5747172300301199,56.58217336573826,11.365875179625414,2.9401340969312653,5.193025638649335
1998,4.144650699977011,0.5578934208379854,60.7268240657152,11.693491689895964,3.0511795951345597,5.238121804819462
1999,4.224722450721873,0.5422503556096291,64.95154651643713,12.019616943550744,3.161911753727,5.287533147716746
2000,4.306845247077923,0.5280916911800534,69.25839176351501,12.341572699825015,3.2717855323650182,5.341904961790827
2001,4.391082298483358,0.5157654426319718,73.64947406199838,12.65713385481272,3.3801820309246935,5.401982566042022
2002,4.477507886063549,0.5056626707194863,78.1269819480619,12.964494906691337,3.4864090514533554,5.468606720673742
2003,4.566206363574732,0.49820760394147906,82.69318831163669,13.262244689432723,3.5897194598494333,5.542693267300031
2004,4.657275427273806,0.4938325510066692,87.35046373891046,13.549353296743854,3.689363627300734,5.625187227246878
2005,4.750840026299584,0.4929222547136257,92.10130376521006,13.825177803375878,3.7847124070608777,5.716967645538291
2006,4.847091721977276,0.49569603108415955,96.94839548718737,14.089498668865609,3.875527501052323,5.818655942902229
2007,4.946374287486779,0.5020266115924041,101.89476977467406,14.342598808171747,3.9624021287656666,5.930346446207891
2008,5.049257812177768,0.5115993022067947,106.94402758685196,14.585345094369558,4.04652317985245,6.051992444503085
2009,5.156187352887738,0.5255222093904343,112.10021493973963,14.819049853974349,4.126163822482487,6.186210883292989
2010,5.266447330086937,0.5466032048652776,117.36666226982658,15.044906883635461,4.195105048550992,6.337789611622881
2011,5.378600011323642,0.5741955963144437,122.7452622811502,15.263771057590452,4.2531766425473325,6.504023380099952
2012,5.492753691507238,0.606609818054985,128.23801597265748,15.477094805254598,4.303798448119467,6.681708934895008
2013,5.60998355066047,0.6442863048846649,133.8479995233178,15.687565038254837,4.347182393086527,6.872784708234413
2014,5.730853755138619,0.687556077570742,139.5788532784566,15.898873396394096,4.383243843099965,7.078463667177273
2015,5.855525869489703,0.7364747304013641,145.43437914794626,16.11553579733232,4.41203539790303,7.299016341076377
2016,5.984104159375513,0.7911215322206354,151.4184833073217,16.34294904208302,4.433505956223067,7.534702362527959
2017,6.116713238288578,0.8516434992770685,157.53519654561032,16.58753708968683,4.447491979705524,7.785934496871632
2018,6.25336559268649,0.9181160726690112,163.78856213829678,16.857020457734244,4.453858090255228,8.052873095117752
2019,6.393022584457888,0.9895283939481864,170.18158472275462,17.161514292853337,4.453546932319442,8.332498236596333
2022,6.530505619661618,1.06556236983771,176.71209034241642,17.51716823817081,4.4420033747797065,8.61900786454353
2024,6.671781054709377,1.1539495879122827,183.38387139712577,17.93485186542825,4.410039862401303,8.93352224701745
2025,6.8297487010324565,1.2457736329752822,190.21362009815823,18.41238629708654,4.388032380400903,9.27146502166401
