introDate,nspec,cumn
1700-01-01,2,2
1730-01-01,1,3
1834-01-01,1,4
1835-01-01,1,5
1838-01-01,1,6
1852-01-01,1,7
1856-01-01,1,8
1858-01-01,1,9
1864-01-01,1,10
1869-01-01,1,11
1870-01-01,1,12
1871-01-01,1,13
1873-01-01,1,14
1880-01-01,1,15
1885-01-01,1,16
1887-01-01,1,17
1890-01-01,1,18
1895-01-01,1,19
1899-01-01,1,20
1903-01-01,1,21
1908-01-01,1,22
1911-01-01,1,23
1919-01-01,1,24
1920-01-01,1,25
1924-01-01,2,27
1925-01-01,1,28
1927-01-01,3,31
1931-01-01,1,32
1933-01-01,2,34
1937-01-01,2,36
1938-01-01,1,37
1939-01-01,2,39
1940-01-01,1,40
1942-01-01,1,41
1945-01-01,2,43
1946-01-01,2,45
1949-01-01,1,46
1950-01-01,3,49
1952-01-01,1,50
1955-01-01,1,51
1956-01-01,2,53
1957-01-01,1,54
1965-01-01,1,55
1966-01-01,1,56
1969-01-01,2,58
1972-01-01,2,60
1973-01-01,1,61
1975-01-01,2,63
1977-01-01,3,66
1978-01-01,1,67
1979-01-01,1,68
1981-01-01,2,70
1984-01-01,5,75
1985-01-01,2,77
1986-01-01,2,79
1987-01-01,1,80
1989-01-01,1,81
1990-01-01,2,83
1991-01-01,2,85
1992-01-01,4,89
1993-01-01,3,92
1994-01-01,1,93
1995-01-01,1,94
1996-01-01,7,101
1997-01-01,6,107
1998-01-01,5,112
1999-01-01,6,118
2000-01-01,9,127
2001-01-01,12,139
2002-01-01,6,145
2003-01-01,5,150
2004-01-01,12,162
2005-01-01,6,168
2006-01-01,4,172
2007-01-01,7,179
2008-01-01,12,191
2009-01-01,9,200
2010-01-01,9,209
2011-01-01,7,216
2012-01-01,6,222
2013-01-01,4,226
2014-01-01,3,229
2015-01-01,7,236
2016-01-01,4,240
2017-01-01,3,243
2018-01-01,1,244
2019-01-01,5,249
2022-01-01,1,250
2024-01-01,1,251
2025-01-01,6,257
